-- Generated import payload for AquaSmart

-- This script expects exactly one farm row in the target environment.

begin;



do $$

declare

  v_farm_count integer;

begin

  select count(*) into v_farm_count from public.farm;

  if v_farm_count <> 1 then

    raise exception 'Expected exactly 1 farm row before import, found %.', v_farm_count;

  end if;

end $$;



create temp table tmp_import_context as

select id as farm_id

from public.farm

limit 1;



create temp table tmp_import_system (
  name text,
  unit text,
  type public.system_type,
  growth_stage public.system_growth_stage,
  is_active boolean
);

insert into tmp_import_system (name, unit, type, growth_stage, is_active) values
  ('A2', 'A', 'cage', 'nursing', true),
  ('A3', 'A', 'cage', 'nursing', true),
  ('B1', 'B', 'cage', 'nursing', true),
  ('B1 (HAPA 1)', 'B', 'compartment', 'nursing', true),
  ('B1 (HAPA 2)', 'B', 'compartment', 'nursing', true),
  ('B1 (HAPA 3)', 'B', 'compartment', 'nursing', true),
  ('B2', 'B', 'cage', 'nursing', true),
  ('LAKE REFERENCE', 'Reference', 'cage', 'grow_out', false);

create temp table tmp_import_feed_type (
  import_key text,
  supplier_name text,
  supplier_country text,
  supplier_city text,
  feed_line text,
  feed_category public.feed_category,
  feed_pellet_size public.feed_pellet_size,
  crude_protein_percentage double precision,
  crude_fat_percentage double precision
);

insert into tmp_import_feed_type (import_key, supplier_name, supplier_country, supplier_city, feed_line, feed_category, feed_pellet_size, crude_protein_percentage, crude_fat_percentage) values
  ('aller_0_5_to_1_0_44', 'Aller Aqua', 'Unknown', null, 'Aller Til Pro 44% (0.5-1.0mm)', 'starter', '0.5-0.99mm', 44, null),
  ('aller_0_9_to_1_0_44', 'Aller Aqua', 'Unknown', null, 'Aller Til Pro 44% (0.9-1.0mm)', 'starter', '1.0-1.5mm', 44, null),
  ('aller_0_9_to_1_6_44', 'Aller Aqua', 'Unknown', null, 'Aller Til Pro 44% (0.9-1.6mm)', 'starter', '1.5-1.99mm', 44, null),
  ('aller_2_0_36', 'Aller Aqua', 'Unknown', null, 'Aller Til Pro 36% (2mm)', 'grower', '2mm', 36, null),
  ('aller_3_0_32', 'Aller Aqua', 'Unknown', null, 'Aller Til Pro 32% (3mm)', 'finisher', '3mm', 32, null),
  ('aller_4_to_4_5_34', 'Aller Aqua', 'Unknown', null, 'Aller Til Pro 34% (4-4.5mm)', 'finisher', '4.5mm', 34, null);

create temp table tmp_import_fingerling_supplier (
  company_name text,
  location_country text,
  location_city text
);

insert into tmp_import_fingerling_supplier (company_name, location_country, location_city) values
  ('KIMBWELA HATCHERY', 'Unknown', null),
  ('KIPILI FARM', 'Unknown', null);

create temp table tmp_import_batch (
  import_key text,
  supplier_name text,
  date_of_delivery date,
  number_of_fish bigint,
  abw double precision,
  name text
);

insert into tmp_import_batch (import_key, supplier_name, date_of_delivery, number_of_fish, abw, name) values
  ('KIPILI FARM|2026-03-05|0326K', 'KIPILI FARM', '2026-03-05', 55000, 0.5, '0326K'),
  ('KIMBWELA HATCHERY|2026-02-13|KIMBWELA HATCHERY 2026-02-13 A3', 'KIMBWELA HATCHERY', '2026-02-13', 14243, 1.9, 'KIMBWELA HATCHERY 2026-02-13 A3'),
  ('KIPILI FARM|2026-02-09|KIPILI FARM 2026-02-09 A2', 'KIPILI FARM', '2026-02-09', 32900, 1.4, 'KIPILI FARM 2026-02-09 A2'),
  ('KIPILI FARM|2026-02-18|KIPILI FARM 2026-02-18 B2', 'KIPILI FARM', '2026-02-18', 74277, 1, 'KIPILI FARM 2026-02-18 B2'),
  ('KIPILI FARM|2026-02-26|KIPILI FARM 2026-02-26 A2', 'KIPILI FARM', '2026-02-26', 7728, 2.478, 'KIPILI FARM 2026-02-26 A2');

create temp table tmp_import_feed_inventory_snapshot (
  date date,
  snapshot_time time,
  feed_type_key text,
  bag_weight_kg numeric,
  number_of_bags integer,
  open_bags_kg numeric,
  notes text
);

insert into tmp_import_feed_inventory_snapshot (date, snapshot_time, feed_type_key, bag_weight_kg, number_of_bags, open_bags_kg, notes) values
  ('2026-02-09', '08:00:00', 'aller_2_0_36', 25, 52, 24.203, null),
  ('2026-02-09', '08:00:00', 'aller_3_0_32', 25, 78, 8.977, null),
  ('2026-02-09', '08:00:00', 'aller_4_to_4_5_34', 25, 18, 22.29, null),
  ('2026-02-09', '16:00:00', 'aller_2_0_36', 25, 52, 24.203, null),
  ('2026-02-09', '16:00:00', 'aller_3_0_32', 25, 77, 14.844, null),
  ('2026-02-09', '16:00:00', 'aller_4_to_4_5_34', 25, 18, 0.24, null),
  ('2026-02-09', '08:00:00', 'aller_2_0_36', 25, 52, 24.203, null),
  ('2026-02-09', '08:00:00', 'aller_0_9_to_1_0_44', 25, 162, 25.07, null),
  ('2026-02-09', '08:00:00', 'aller_3_0_32', 25, 77, 15.074, null),
  ('2026-02-09', '08:00:00', 'aller_4_to_4_5_34', 25, 18, 0.24, null),
  ('2026-02-09', '16:00:00', 'aller_2_0_36', 25, 52, 24.2, null),
  ('2026-02-09', '16:00:00', 'aller_0_9_to_1_0_44', 25, 162, 20.72, null),
  ('2026-02-09', '16:00:00', 'aller_3_0_32', 25, 76, 20.847, null),
  ('2026-02-09', '16:00:00', 'aller_4_to_4_5_34', 25, 17, 2.731, null),
  ('2026-02-11', '08:00:00', 'aller_2_0_36', 25, 52, 24.203, null),
  ('2026-02-11', '08:00:00', 'aller_0_9_to_1_0_44', 25, 161, 20.398, null),
  ('2026-02-11', '08:00:00', 'aller_3_0_32', 25, 76, 20.959, null),
  ('2026-02-11', '08:00:00', 'aller_4_to_4_5_34', 25, 17, 2.715, null),
  ('2026-02-11', '16:00:00', 'aller_2_0_36', 25, 52, 24.201, null),
  ('2026-02-11', '16:00:00', 'aller_0_9_to_1_0_44', 25, 161, 16.485, null),
  ('2026-02-11', '16:00:00', 'aller_3_0_32', 25, 76, 20.959, null),
  ('2026-02-11', '16:00:00', 'aller_4_to_4_5_34', 25, 16, 5.745, null),
  ('2026-02-12', '08:00:00', 'aller_2_0_36', 25, 161, 16.98, null),
  ('2026-02-12', '08:00:00', 'aller_0_9_to_1_0_44', 25, 52, 24.201, null),
  ('2026-02-12', '08:00:00', 'aller_3_0_32', 25, 76, 0.994, null),
  ('2026-02-12', '08:00:00', 'aller_4_to_4_5_34', 25, 16, 5.771, null),
  ('2026-02-12', '16:00:00', 'aller_2_0_36', 25, 161, 13.197, null),
  ('2026-02-12', '16:00:00', 'aller_0_9_to_1_0_44', 25, 52, 24.2, null),
  ('2026-02-12', '16:00:00', 'aller_3_0_32', 25, 75, 5.976, null),
  ('2026-02-12', '16:00:00', 'aller_4_to_4_5_34', 25, 15, 8.729, null),
  ('2026-02-13', '08:00:00', 'aller_2_0_36', 25, 161, 13.206, null),
  ('2026-02-13', '08:00:00', 'aller_0_9_to_1_0_44', 25, 52, 24.201, null),
  ('2026-02-13', '08:00:00', 'aller_3_0_32', 25, 75, 6.01, null),
  ('2026-02-13', '08:00:00', 'aller_4_to_4_5_34', 25, 15, 8.663, null),
  ('2026-02-13', '16:00:00', 'aller_2_0_36', 25, 161, 9.6, null),
  ('2026-02-13', '16:00:00', 'aller_0_9_to_1_0_44', 25, 52, 24.203, null),
  ('2026-02-13', '16:00:00', 'aller_3_0_32', 25, 74, 11.835, null),
  ('2026-02-13', '16:00:00', 'aller_4_to_4_5_34', 25, 14, 10.946, null),
  ('2026-02-14', '08:00:00', 'aller_2_0_36', 25, 52, 24.204, null),
  ('2026-02-14', '08:00:00', 'aller_0_9_to_1_0_44', 25, 161, 9.609, null),
  ('2026-02-14', '08:00:00', 'aller_3_0_32', 25, 74, 1.751, null),
  ('2026-02-14', '08:00:00', 'aller_4_to_4_5_34', 25, 14, 10.966, null),
  ('2026-02-14', '16:00:00', 'aller_2_0_36', 25, 52, 24.204, null),
  ('2026-02-14', '16:00:00', 'aller_0_9_to_1_0_44', 25, 161, 3.649, null),
  ('2026-02-14', '16:00:00', 'aller_3_0_32', 25, 73, 17.456, null),
  ('2026-02-14', '16:00:00', 'aller_4_to_4_5_34', 25, 13, 13.622, null),
  ('2026-02-15', '08:00:00', 'aller_2_0_36', 25, 52, 24.202, null),
  ('2026-02-15', '08:00:00', 'aller_0_9_to_1_0_44', 25, 161, 3.668, null),
  ('2026-02-15', '08:00:00', 'aller_3_0_32', 25, 73, 17.418, null),
  ('2026-02-15', '08:00:00', 'aller_4_to_4_5_34', 25, 13, 13.759, null),
  ('2026-02-15', '16:00:00', 'aller_2_0_36', 25, 52, 24.202, null),
  ('2026-02-15', '16:00:00', 'aller_0_9_to_1_0_44', 25, 160, 23.777, null),
  ('2026-02-15', '16:00:00', 'aller_3_0_32', 25, 72, 23.112, null),
  ('2026-02-15', '16:00:00', 'aller_4_to_4_5_34', 25, 12, 16.728, null),
  ('2026-02-16', '08:00:00', 'aller_3_0_32', 25, 72, 23.038, null),
  ('2026-02-16', '08:00:00', 'aller_4_to_4_5_34', 25, 12, 16.457, null),
  ('2026-02-16', '08:00:00', 'aller_0_9_to_1_6_44', 25, 160, 23.48, null),
  ('2026-02-16', '16:00:00', 'aller_3_0_32', 25, 72, 2.92, null),
  ('2026-02-16', '16:00:00', 'aller_4_to_4_5_34', 25, 12, 14.258, null),
  ('2026-02-16', '16:00:00', 'aller_0_9_to_1_6_44', 25, 160, 17.705, null),
  ('2026-02-17', '08:00:00', 'aller_3_0_32', 25, 72, 3.095, null),
  ('2026-02-17', '08:00:00', 'aller_4_to_4_5_34', 25, 12, 19.2, null),
  ('2026-02-17', '08:00:00', 'aller_0_9_to_1_6_44', 25, 160, 17.81, null),
  ('2026-02-17', '16:00:00', 'aller_3_0_32', 25, 71, 9.157, null),
  ('2026-02-17', '16:00:00', 'aller_4_to_4_5_34', 25, 11, 17.616, null),
  ('2026-02-17', '16:00:00', 'aller_0_9_to_1_6_44', 25, 160, 11.92, null),
  ('2026-02-18', '08:00:00', 'aller_3_0_32', 25, 71, 9.171, null),
  ('2026-02-18', '08:00:00', 'aller_4_to_4_5_34', 25, 11, 17.634, null),
  ('2026-02-18', '08:00:00', 'aller_0_9_to_1_6_44', 25, 160, 11.937, null),
  ('2026-02-18', '16:00:00', 'aller_3_0_32', 25, 70, 15.245, null),
  ('2026-02-18', '16:00:00', 'aller_4_to_4_5_34', 25, 10, 20.341, null),
  ('2026-02-18', '16:00:00', 'aller_0_9_to_1_6_44', 25, 160, 6.019, null),
  ('2026-02-19', '08:00:00', 'aller_3_0_32', 25, 70, 15.257, null),
  ('2026-02-19', '08:00:00', 'aller_4_to_4_5_34', 25, 10, 20.356, null),
  ('2026-02-19', '08:00:00', 'aller_0_9_to_1_6_44', 25, 159, 6.035, null),
  ('2026-02-19', '08:00:00', 'aller_2_0_36', 25, 66, 24.203, null),
  ('2026-02-19', '16:00:00', 'aller_3_0_32', 25, 69, 21.178, null),
  ('2026-02-19', '16:00:00', 'aller_4_to_4_5_34', 25, 8, 23.055, null),
  ('2026-02-19', '16:00:00', 'aller_0_9_to_1_6_44', 25, 151, 24.476, null),
  ('2026-02-19', '16:00:00', 'aller_2_0_36', 25, 66, 24.203, null),
  ('2026-02-20', '08:00:00', 'aller_0_9_to_1_6_44', 25, 158, 24.609, null),
  ('2026-02-20', '08:00:00', 'aller_2_0_36', 25, 66, 24.203, null),
  ('2026-02-20', '08:00:00', 'aller_3_0_32', 25, 69, 21.155, null),
  ('2026-02-20', '08:00:00', 'aller_4_to_4_5_34', 25, 8, 23.045, null),
  ('2026-02-20', '16:00:00', 'aller_0_9_to_1_6_44', 25, 158, 12.717, null),
  ('2026-02-20', '16:00:00', 'aller_2_0_36', 25, 66, 24.203, null),
  ('2026-02-20', '16:00:00', 'aller_3_0_32', 25, 69, 1.128, null),
  ('2026-02-20', '16:00:00', 'aller_4_to_4_5_34', 25, 8, 0.996, null),
  ('2026-02-21', '08:00:00', 'aller_0_9_to_1_6_44', 25, 158, 12.751, null),
  ('2026-02-21', '08:00:00', 'aller_2_0_36', 25, 66, 24.203, null),
  ('2026-02-21', '08:00:00', 'aller_3_0_32', 25, 69, 1.149, null),
  ('2026-02-21', '08:00:00', 'aller_4_to_4_5_34', 25, 8, 1.019, null),
  ('2026-02-21', '16:00:00', 'aller_0_9_to_1_6_44', 25, 158, 0.867, null),
  ('2026-02-21', '16:00:00', 'aller_2_0_36', 25, 66, 24.203, null),
  ('2026-02-21', '16:00:00', 'aller_3_0_32', 25, 68, 7.481, null),
  ('2026-02-21', '16:00:00', 'aller_4_to_4_5_34', 25, 7, 3.938, null),
  ('2026-02-22', '08:00:00', 'aller_0_9_to_1_6_44', 25, 158, 0.867, null),
  ('2026-02-22', '08:00:00', 'aller_2_0_36', 25, 66, 24.203, null),
  ('2026-02-22', '08:00:00', 'aller_3_0_32', 25, 68, 7.481, null),
  ('2026-02-22', '08:00:00', 'aller_4_to_4_5_34', 25, 7, 1.938, null),
  ('2026-02-22', '16:00:00', 'aller_0_9_to_1_6_44', 25, 158, 0.867, null),
  ('2026-02-22', '16:00:00', 'aller_2_0_36', 25, 66, 24.203, null),
  ('2026-02-22', '16:00:00', 'aller_3_0_32', 25, 68, 7.481, null),
  ('2026-02-22', '16:00:00', 'aller_4_to_4_5_34', 25, 7, 1.938, null),
  ('2026-02-23', '08:00:00', 'aller_0_9_to_1_6_44', 25, 153, 0.864, null),
  ('2026-02-23', '08:00:00', 'aller_2_0_36', 25, 66, 24.201, null),
  ('2026-02-23', '08:00:00', 'aller_3_0_32', 25, 68, 7.482, null),
  ('2026-02-23', '08:00:00', 'aller_4_to_4_5_34', 25, 7, 1.937, null),
  ('2026-02-23', '16:00:00', 'aller_0_9_to_1_6_44', 25, 158, 0.871, null),
  ('2026-02-23', '16:00:00', 'aller_2_0_36', 25, 66, 24.203, null),
  ('2026-02-23', '16:00:00', 'aller_3_0_32', 25, 68, 7.48, null),
  ('2026-02-23', '16:00:00', 'aller_4_to_4_5_34', 25, 6, 24.778, null),
  ('2026-02-24', '08:00:00', 'aller_0_9_to_1_6_44', 25, 158, 0.878, null),
  ('2026-02-24', '08:00:00', 'aller_2_0_36', 25, 54, 24.201, null),
  ('2026-02-24', '08:00:00', 'aller_3_0_32', 25, 67, 7.522, null),
  ('2026-02-24', '08:00:00', 'aller_4_to_4_5_34', 25, 6, 29.813, null),
  ('2026-02-24', '16:00:00', 'aller_0_9_to_1_6_44', 25, 157, 13.75, null),
  ('2026-02-24', '16:00:00', 'aller_2_0_36', 25, 54, 24.201, null),
  ('2026-02-24', '16:00:00', 'aller_3_0_32', 25, 66, 13.677, null),
  ('2026-02-24', '16:00:00', 'aller_4_to_4_5_34', 25, 6, 2.421, null),
  ('2026-02-25', '08:00:00', 'aller_0_9_to_1_6_44', 25, 157, 13.735, null),
  ('2026-02-25', '08:00:00', 'aller_2_0_36', 25, 54, 24.208, null),
  ('2026-02-25', '08:00:00', 'aller_3_0_32', 25, 66, 13.652, null),
  ('2026-02-25', '08:00:00', 'aller_4_to_4_5_34', 25, 6, 2.818, null),
  ('2026-02-25', '16:00:00', 'aller_0_9_to_1_6_44', 25, 157, 1.828, null),
  ('2026-02-25', '16:00:00', 'aller_2_0_36', 25, 54, 24.2, null),
  ('2026-02-25', '16:00:00', 'aller_3_0_32', 25, 65, 13.652, null),
  ('2026-02-25', '16:00:00', 'aller_4_to_4_5_34', 25, 5, 3.748, null),
  ('2026-02-26', '08:00:00', 'aller_0_9_to_1_6_44', 25, 157, 1.789, null),
  ('2026-02-26', '08:00:00', 'aller_2_0_36', 25, 66, 24.201, null),
  ('2026-02-26', '08:00:00', 'aller_3_0_32', 25, 66, 13.651, null),
  ('2026-02-26', '08:00:00', 'aller_4_to_4_5_34', 25, 5, 3.718, null),
  ('2026-02-26', '16:00:00', 'aller_0_9_to_1_6_44', 25, 156, 15.119, null),
  ('2026-02-26', '16:00:00', 'aller_2_0_36', 25, 66, 24.204, null),
  ('2026-02-26', '16:00:00', 'aller_3_0_32', 25, 65, 13.65, null),
  ('2026-02-26', '16:00:00', 'aller_4_to_4_5_34', 25, 4, 4.596, null),
  ('2026-02-27', '08:00:00', 'aller_0_9_to_1_6_44', 25, 156, 15.121, null),
  ('2026-02-27', '08:00:00', 'aller_2_0_36', 25, 66, 24.201, null),
  ('2026-02-27', '08:00:00', 'aller_3_0_32', 25, 65, 13.665, null),
  ('2026-02-27', '08:00:00', 'aller_4_to_4_5_34', 25, 4, 4.61, null),
  ('2026-02-27', '16:00:00', 'aller_0_9_to_1_6_44', 25, 155, 24.646, null),
  ('2026-02-27', '16:00:00', 'aller_2_0_36', 25, 66, 24.202, null),
  ('2026-02-27', '16:00:00', 'aller_3_0_32', 25, 64, 8.668, null),
  ('2026-02-27', '16:00:00', 'aller_4_to_4_5_34', 25, 3, 2.609, null),
  ('2026-02-28', '08:00:00', 'aller_0_9_to_1_6_44', 25, 155, 24.646, null),
  ('2026-02-28', '08:00:00', 'aller_2_0_36', 25, 66, 24.203, null),
  ('2026-02-28', '08:00:00', 'aller_3_0_32', 25, 64, 8.668, null),
  ('2026-02-28', '08:00:00', 'aller_4_to_4_5_34', 25, 3, 2.605, null),
  ('2026-02-28', '16:00:00', 'aller_0_9_to_1_6_44', 25, 155, 8.967, null),
  ('2026-02-28', '16:00:00', 'aller_2_0_36', 25, 66, 24.203, null),
  ('2026-02-28', '16:00:00', 'aller_3_0_32', 25, 63, 3.671, null),
  ('2026-02-28', '16:00:00', 'aller_4_to_4_5_34', 25, 2, 0.603, null),
  ('2026-03-01', '08:00:00', 'aller_0_9_to_1_6_44', 25, 155, 8.966, null),
  ('2026-03-01', '08:00:00', 'aller_2_0_36', 25, 54, 24.22, null),
  ('2026-03-01', '08:00:00', 'aller_3_0_32', 25, 64, 3.67, null),
  ('2026-03-01', '08:00:00', 'aller_4_to_4_5_34', 25, 2, 0.603, null),
  ('2026-03-01', '16:00:00', 'aller_0_9_to_1_6_44', 25, 154, 18.412, null),
  ('2026-03-01', '16:00:00', 'aller_2_0_36', 25, 54, 24.22, null),
  ('2026-03-01', '16:00:00', 'aller_3_0_32', 25, 63, 24.412, null),
  ('2026-03-01', '16:00:00', 'aller_4_to_4_5_34', 25, 0, 23.394, null),
  ('2026-03-02', '08:00:00', 'aller_0_9_to_1_6_44', 25, 154, 18.411, null),
  ('2026-03-02', '08:00:00', 'aller_2_0_36', 25, 54, 24.224, null),
  ('2026-03-02', '08:00:00', 'aller_3_0_32', 25, 64, 24.439, null),
  ('2026-03-02', '08:00:00', 'aller_4_to_4_5_34', 25, 64, 23.378, null),
  ('2026-03-02', '16:00:00', 'aller_0_9_to_1_6_44', 25, 154, 2.715, null),
  ('2026-03-02', '16:00:00', 'aller_2_0_36', 25, 54, 24.224, null),
  ('2026-03-02', '16:00:00', 'aller_3_0_32', 25, 61, 11.458, null),
  ('2026-03-02', '16:00:00', 'aller_4_to_4_5_34', 25, 61, 21.391, null),
  ('2026-03-03', '08:00:00', 'aller_0_9_to_1_6_44', 25, 154, 2.718, null),
  ('2026-03-03', '08:00:00', 'aller_2_0_36', 25, 54, 24.221, null),
  ('2026-03-03', '08:00:00', 'aller_3_0_32', 25, 61, 19.463, null),
  ('2026-03-03', '08:00:00', 'aller_4_to_4_5_34', 25, 61, 21.425, null),
  ('2026-03-03', '16:00:00', 'aller_0_9_to_1_6_44', 25, 153, 12.234, null),
  ('2026-03-03', '16:00:00', 'aller_2_0_36', 25, 54, 24.233, null),
  ('2026-03-03', '16:00:00', 'aller_3_0_32', 25, 57, 14.48, null),
  ('2026-03-03', '16:00:00', 'aller_4_to_4_5_34', 25, 57, 19.421, null),
  ('2026-03-04', '08:00:00', 'aller_0_9_to_1_6_44', 25, 153, 12.235, null),
  ('2026-03-04', '08:00:00', 'aller_2_0_36', 25, 54, 24.224, null),
  ('2026-03-04', '08:00:00', 'aller_3_0_32', 25, 57, 14.492, null),
  ('2026-03-04', '08:00:00', 'aller_4_to_4_5_34', 25, 57, 19.89, null),
  ('2026-03-04', '16:00:00', 'aller_0_9_to_1_6_44', 25, 153, 21.721, null),
  ('2026-03-04', '16:00:00', 'aller_2_0_36', 25, 54, 24.224, null),
  ('2026-03-04', '16:00:00', 'aller_3_0_32', 25, 55, 9.493, null),
  ('2026-03-04', '16:00:00', 'aller_4_to_4_5_34', 25, 55, 17.397, null),
  ('2026-03-05', '08:00:00', 'aller_0_9_to_1_6_44', 25, 152, 21.725, null),
  ('2026-03-05', '08:00:00', 'aller_2_0_36', 25, 54, 24.22, null),
  ('2026-03-05', '08:00:00', 'aller_3_0_32', 25, 55, 9.5, null),
  ('2026-03-05', '08:00:00', 'aller_4_to_4_5_34', 25, 55, 17.401, null),
  ('2026-03-05', '16:00:00', 'aller_0_9_to_1_6_44', 25, 152, 6.024, null),
  ('2026-03-05', '16:00:00', 'aller_2_0_36', 25, 54, 24.22, null),
  ('2026-03-05', '16:00:00', 'aller_3_0_32', 25, 53, 4.504, null),
  ('2026-03-05', '16:00:00', 'aller_4_to_4_5_34', 25, 53, 15.397, null),
  ('2026-03-06', '08:00:00', 'aller_0_5_to_1_0_44', 10, 22, 2.233, null),
  ('2026-03-06', '08:00:00', 'aller_0_9_to_1_6_44', 25, 152, 6.024, null),
  ('2026-03-06', '08:00:00', 'aller_2_0_36', 25, 54, 2.42, null),
  ('2026-03-06', '08:00:00', 'aller_3_0_32', 25, 55, 4.516, null),
  ('2026-03-06', '08:00:00', 'aller_4_to_4_5_34', 25, 55, 15.906, null),
  ('2026-03-06', '16:00:00', 'aller_0_5_to_1_0_44', 10, 22, 3.433, null),
  ('2026-03-06', '16:00:00', 'aller_0_9_to_1_6_44', 25, 151, 15.567, null),
  ('2026-03-06', '16:00:00', 'aller_2_0_36', 25, 54, 24.221, null),
  ('2026-03-06', '16:00:00', 'aller_3_0_32', 25, 54, 4.516, null),
  ('2026-03-06', '16:00:00', 'aller_4_to_4_5_34', 25, 54, 13.404, null),
  ('2026-03-07', '08:00:00', 'aller_0_5_to_1_0_44', 10, 22, 3.431, null),
  ('2026-03-07', '08:00:00', 'aller_0_9_to_1_6_44', 25, 151, 15.584, null),
  ('2026-03-07', '08:00:00', 'aller_2_0_36', 25, 54, 24.221, null),
  ('2026-03-07', '08:00:00', 'aller_3_0_32', 25, 54, 4.528, null),
  ('2026-03-07', '08:00:00', 'aller_4_to_4_5_34', 25, 54, 13.402, null),
  ('2026-03-07', '16:00:00', 'aller_0_5_to_1_0_44', 10, 22, 0.219, null),
  ('2026-03-07', '16:00:00', 'aller_0_9_to_1_6_44', 25, 150, 24.183, null),
  ('2026-03-07', '16:00:00', 'aller_2_0_36', 25, 54, 24.222, null),
  ('2026-03-07', '16:00:00', 'aller_3_0_32', 25, 51, 25.529, null),
  ('2026-03-07', '16:00:00', 'aller_4_to_4_5_34', 25, 51, 11.413, null),
  ('2026-03-08', '08:00:00', 'aller_0_5_to_1_0_44', 10, 22, 0.217, null),
  ('2026-03-08', '08:00:00', 'aller_0_9_to_1_6_44', 25, 150, 25.055, null),
  ('2026-03-08', '08:00:00', 'aller_2_0_36', 25, 54, 24.221, null),
  ('2026-03-08', '08:00:00', 'aller_3_0_32', 25, 51, 25.529, null),
  ('2026-03-08', '08:00:00', 'aller_4_to_4_5_34', 25, 51, 11.405, null),
  ('2026-03-08', '16:00:00', 'aller_0_5_to_1_0_44', 10, 21, 7.053, null),
  ('2026-03-08', '16:00:00', 'aller_0_9_to_1_6_44', 25, 150, 9.363, null),
  ('2026-03-08', '16:00:00', 'aller_2_0_36', 25, 54, 24.221, null),
  ('2026-03-08', '16:00:00', 'aller_3_0_32', 25, 49, 20.535, null),
  ('2026-03-08', '16:00:00', 'aller_4_to_4_5_34', 25, 49, 9.407, null),
  ('2026-03-09', '08:00:00', 'aller_0_5_to_1_0_44', 10, 21, 7.069, null),
  ('2026-03-09', '08:00:00', 'aller_0_9_to_1_6_44', 25, 150, 9.884, null),
  ('2026-03-09', '08:00:00', 'aller_2_0_36', 25, 54, 23.664, null),
  ('2026-03-09', '08:00:00', 'aller_3_0_32', 25, 49, 20.455, null),
  ('2026-03-09', '08:00:00', 'aller_4_to_4_5_34', 25, 49, 9.315, null),
  ('2026-03-09', '16:00:00', 'aller_0_5_to_1_0_44', 10, 21, 3.795, null),
  ('2026-03-09', '16:00:00', 'aller_0_9_to_1_6_44', 25, 149, 19.186, null),
  ('2026-03-09', '16:00:00', 'aller_2_0_36', 25, 54, 23.664, null),
  ('2026-03-09', '16:00:00', 'aller_3_0_32', 25, 47, 15.43, null),
  ('2026-03-09', '16:00:00', 'aller_4_to_4_5_34', 25, 47, 7.304, null),
  ('2026-03-10', '08:00:00', 'aller_0_5_to_1_0_44', 10, 21, 3.796, null),
  ('2026-03-10', '08:00:00', 'aller_0_9_to_1_6_44', 25, 149, 19.185, null),
  ('2026-03-10', '08:00:00', 'aller_2_0_36', 25, 54, 23.665, null),
  ('2026-03-10', '08:00:00', 'aller_3_0_32', 25, 47, 15.433, null),
  ('2026-03-10', '08:00:00', 'aller_4_to_4_5_34', 25, 47, 7.303, null),
  ('2026-03-10', '16:00:00', 'aller_0_5_to_1_0_44', 10, 20, 9.899, null),
  ('2026-03-10', '16:00:00', 'aller_0_9_to_1_6_44', 25, 149, 0.033, null),
  ('2026-03-10', '16:00:00', 'aller_2_0_36', 25, 54, 23.665, null),
  ('2026-03-10', '16:00:00', 'aller_3_0_32', 25, 45, 0.445, null),
  ('2026-03-10', '16:00:00', 'aller_4_to_4_5_34', 25, 45, 0.508, null),
  ('2026-03-11', '08:00:00', 'aller_0_5_to_1_0_44', 10, 20, 98.997, null),
  ('2026-03-11', '08:00:00', 'aller_0_9_to_1_6_44', 25, 148, 0.033, null),
  ('2026-03-11', '08:00:00', 'aller_2_0_36', 25, 54, 23.668, null),
  ('2026-03-11', '08:00:00', 'aller_3_0_32', 25, 42, 0.445, null),
  ('2026-03-11', '08:00:00', 'aller_4_to_4_5_34', 25, 42, 5.152, null),
  ('2026-03-11', '16:00:00', 'aller_0_5_to_1_0_44', 10, 10, 5.751, null),
  ('2026-03-11', '16:00:00', 'aller_0_9_to_1_6_44', 25, 147, 5.964, null),
  ('2026-03-11', '16:00:00', 'aller_2_0_36', 25, 54, 23.668, null),
  ('2026-03-11', '16:00:00', 'aller_3_0_32', 25, 39, 10.896, null),
  ('2026-03-11', '16:00:00', 'aller_4_to_4_5_34', 25, 39, 3.345, null),
  ('2026-03-12', '08:00:00', 'aller_0_5_to_1_0_44', 10, 20, 5.739, null),
  ('2026-03-12', '08:00:00', 'aller_0_9_to_1_6_44', 25, 147, 5.938, null),
  ('2026-03-12', '08:00:00', 'aller_2_0_36', 25, 54, 23.608, null),
  ('2026-03-12', '08:00:00', 'aller_3_0_32', 25, 39, 10.958, null),
  ('2026-03-12', '08:00:00', 'aller_4_to_4_5_34', 25, 39, 3.345, null),
  ('2026-03-12', '16:00:00', 'aller_0_5_to_1_0_44', 10, 20, 5.739, null),
  ('2026-03-12', '16:00:00', 'aller_0_9_to_1_6_44', 25, 146, 11.627, null),
  ('2026-03-12', '16:00:00', 'aller_2_0_36', 25, 54, 23.608, null),
  ('2026-03-12', '16:00:00', 'aller_3_0_32', 25, 36, 21.771, null),
  ('2026-03-12', '16:00:00', 'aller_4_to_4_5_34', 25, 36, 1.296, null),
  ('2026-03-13', '08:00:00', 'aller_0_5_to_1_0_44', 25, 88, 0, null),
  ('2026-03-13', '08:00:00', 'aller_0_5_to_1_0_44', 10, 20, 5.739, null),
  ('2026-03-13', '08:00:00', 'aller_0_9_to_1_6_44', 25, 146, 11.768, null),
  ('2026-03-13', '08:00:00', 'aller_2_0_36', 25, 54, 23.668, null),
  ('2026-03-13', '08:00:00', 'aller_3_0_32', 25, 36, 21.771, null),
  ('2026-03-13', '08:00:00', 'aller_4_to_4_5_34', 25, 36, 1.296, null),
  ('2026-03-13', '16:00:00', 'aller_0_5_to_1_0_44', 25, 87, 20.93, null),
  ('2026-03-13', '16:00:00', 'aller_0_5_to_1_0_44', 10, 20, 5.739, null),
  ('2026-03-13', '16:00:00', 'aller_0_9_to_1_6_44', 25, 145, 17.524, null),
  ('2026-03-13', '16:00:00', 'aller_2_0_36', 25, 54, 23.668, null),
  ('2026-03-13', '16:00:00', 'aller_3_0_32', 25, 34, 3.616, null),
  ('2026-03-13', '16:00:00', 'aller_4_to_4_5_34', 25, 34, 1.296, null),
  ('2026-03-14', '08:00:00', 'aller_0_5_to_1_0_44', 25, 87, 20.93, null),
  ('2026-03-14', '08:00:00', 'aller_0_5_to_1_0_44', 10, 20, 5.739, null),
  ('2026-03-14', '08:00:00', 'aller_0_9_to_1_6_44', 25, 145, 17.524, null),
  ('2026-03-14', '08:00:00', 'aller_2_0_36', 25, 54, 23.668, null),
  ('2026-03-14', '08:00:00', 'aller_3_0_32', 25, 34, 11.285, null),
  ('2026-03-14', '08:00:00', 'aller_4_to_4_5_34', 25, 34, 1.296, null),
  ('2026-03-14', '16:00:00', 'aller_0_5_to_1_0_44', 25, 87, 16.748, null),
  ('2026-03-14', '16:00:00', 'aller_0_5_to_1_0_44', 10, 20, 5.739, null),
  ('2026-03-14', '16:00:00', 'aller_0_9_to_1_6_44', 25, 144, 23.029, null),
  ('2026-03-14', '16:00:00', 'aller_2_0_36', 25, 54, 23.668, null),
  ('2026-03-14', '16:00:00', 'aller_3_0_32', 25, 32, 0, null),
  ('2026-03-14', '16:00:00', 'aller_4_to_4_5_34', 25, 32, 1.296, null),
  ('2026-03-15', '08:00:00', 'aller_0_5_to_1_0_44', 25, 87, 20.93, null),
  ('2026-03-15', '08:00:00', 'aller_0_5_to_1_0_44', 10, 20, 5.739, null),
  ('2026-03-15', '08:00:00', 'aller_0_9_to_1_6_44', 25, 145, 17.524, null),
  ('2026-03-15', '08:00:00', 'aller_2_0_36', 25, 54, 23.668, null),
  ('2026-03-15', '08:00:00', 'aller_3_0_32', 25, 34, 3.771, null),
  ('2026-03-15', '08:00:00', 'aller_4_to_4_5_34', 25, 34, 1.296, null),
  ('2026-03-15', '16:00:00', 'aller_0_5_to_1_0_44', 25, 87, 16.748, null),
  ('2026-03-15', '16:00:00', 'aller_0_5_to_1_0_44', 10, 20, 5.739, null),
  ('2026-03-15', '16:00:00', 'aller_0_9_to_1_6_44', 25, 144, 23.029, null),
  ('2026-03-15', '16:00:00', 'aller_2_0_36', 25, 54, 23.668, null),
  ('2026-03-15', '16:00:00', 'aller_3_0_32', 25, 31, 10.785, null),
  ('2026-03-15', '16:00:00', 'aller_4_to_4_5_34', 25, 31, 1.296, null),
  ('2026-03-16', '08:00:00', 'aller_0_5_to_1_0_44', 25, 87, 20.93, null),
  ('2026-03-16', '08:00:00', 'aller_0_5_to_1_0_44', 25, 20, 5.739, null),
  ('2026-03-16', '08:00:00', 'aller_0_9_to_1_6_44', 25, 144, 3.983, null),
  ('2026-03-16', '08:00:00', 'aller_2_0_36', 25, 28, 23.668, null),
  ('2026-03-16', '08:00:00', 'aller_3_0_32', 25, 54, 23.668, null),
  ('2026-03-16', '08:00:00', 'aller_4_to_4_5_34', 25, 54, 1.296, null),
  ('2026-03-16', '16:00:00', 'aller_0_5_to_1_0_44', 25, 87, 16.743, null),
  ('2026-03-16', '16:00:00', 'aller_0_5_to_1_0_44', 25, 20, 5.739, null),
  ('2026-03-16', '16:00:00', 'aller_0_9_to_1_6_44', 25, 143, 9.808, null),
  ('2026-03-16', '16:00:00', 'aller_2_0_36', 25, 54, 23.668, null),
  ('2026-03-16', '16:00:00', 'aller_3_0_32', 25, 26, 0.597, null),
  ('2026-03-16', '16:00:00', 'aller_4_to_4_5_34', 25, 26, 1.296, null),
  ('2026-03-17', '08:00:00', 'aller_0_5_to_1_0_44', 25, 87, 20.93, null),
  ('2026-03-17', '08:00:00', 'aller_0_5_to_1_0_44', 25, 20, 5.739, null),
  ('2026-03-17', '08:00:00', 'aller_0_9_to_1_6_44', 25, 143, 9.808, null),
  ('2026-03-17', '08:00:00', 'aller_2_0_36', 25, 54, 23.668, null),
  ('2026-03-17', '08:00:00', 'aller_3_0_32', 25, 26, 0.597, null),
  ('2026-03-17', '08:00:00', 'aller_4_to_4_5_34', 25, 26, 1.296, null),
  ('2026-03-17', '16:00:00', 'aller_0_5_to_1_0_44', 25, 87, 16.748, null),
  ('2026-03-17', '16:00:00', 'aller_0_5_to_1_0_44', 25, 20, 5.739, null),
  ('2026-03-17', '16:00:00', 'aller_0_9_to_1_6_44', 25, 142, 15.5, null),
  ('2026-03-17', '16:00:00', 'aller_2_0_36', 25, 54, 23.668, null),
  ('2026-03-17', '16:00:00', 'aller_3_0_32', 25, 23, 7.963, null),
  ('2026-03-17', '16:00:00', 'aller_4_to_4_5_34', 25, 23, 1.296, null),
  ('2026-03-18', '08:00:00', 'aller_0_5_to_1_0_44', 25, 87, 14.748, null),
  ('2026-03-18', '08:00:00', 'aller_0_5_to_1_0_44', 25, 20, 5.739, null),
  ('2026-03-18', '08:00:00', 'aller_0_9_to_1_6_44', 25, 142, 15.5, null),
  ('2026-03-18', '08:00:00', 'aller_2_0_36', 25, 25, 25.668, null),
  ('2026-03-18', '08:00:00', 'aller_3_0_32', 25, 23, 7.963, null),
  ('2026-03-18', '08:00:00', 'aller_4_to_4_5_34', 25, 23, 1.296, null),
  ('2026-03-18', '16:00:00', 'aller_0_5_to_1_0_44', 25, 87, 10.965, null),
  ('2026-03-18', '16:00:00', 'aller_0_5_to_1_0_44', 25, 20, 5.739, null),
  ('2026-03-18', '16:00:00', 'aller_0_9_to_1_6_44', 25, 141, 20.984, null),
  ('2026-03-18', '16:00:00', 'aller_2_0_36', 25, 25, 23.668, null),
  ('2026-03-18', '16:00:00', 'aller_3_0_32', 25, 20, 15.586, null),
  ('2026-03-18', '16:00:00', 'aller_4_to_4_5_34', 25, 20, 1.296, null),
  ('2026-03-18', '08:00:00', 'aller_0_5_to_1_0_44', 25, 87, 10.805, null),
  ('2026-03-18', '08:00:00', 'aller_0_5_to_1_0_44', 25, 20, 5.739, null),
  ('2026-03-18', '08:00:00', 'aller_0_9_to_1_6_44', 25, 141, 20.945, null),
  ('2026-03-18', '08:00:00', 'aller_2_0_36', 25, 25, 23.668, null),
  ('2026-03-18', '08:00:00', 'aller_3_0_32', 25, 20, 95.001, null),
  ('2026-03-18', '08:00:00', 'aller_4_to_4_5_34', 25, 20, 1.292, null),
  ('2026-03-18', '16:00:00', 'aller_0_5_to_1_0_44', 25, 87, 10.01, null),
  ('2026-03-18', '16:00:00', 'aller_0_5_to_1_0_44', 25, 20, 5.739, null),
  ('2026-03-18', '16:00:00', 'aller_0_9_to_1_6_44', 25, 141, 1.248, null),
  ('2026-03-18', '16:00:00', 'aller_2_0_36', 25, 25, 23.668, null),
  ('2026-03-18', '16:00:00', 'aller_3_0_32', 25, 17, 23.04, null),
  ('2026-03-18', '16:00:00', 'aller_4_to_4_5_34', 25, 17, 1.292, null),
  ('2026-03-19', '08:00:00', 'aller_0_5_to_1_0_44', 25, 87, 10.805, null),
  ('2026-03-19', '08:00:00', 'aller_0_5_to_1_0_44', 25, 20, 5.739, null),
  ('2026-03-19', '08:00:00', 'aller_0_9_to_1_6_44', 25, 141, 20.945, null),
  ('2026-03-19', '08:00:00', 'aller_2_0_36', 25, 25, 23.668, null),
  ('2026-03-19', '08:00:00', 'aller_3_0_32', 25, 20, 15.001, null),
  ('2026-03-19', '08:00:00', 'aller_4_to_4_5_34', 25, 20, 1.292, null),
  ('2026-03-19', '16:00:00', 'aller_0_5_to_1_0_44', 25, 87, 10.01, null),
  ('2026-03-19', '16:00:00', 'aller_0_5_to_1_0_44', 25, 20, 5.739, null),
  ('2026-03-19', '16:00:00', 'aller_0_9_to_1_6_44', 25, 141, 1.248, null),
  ('2026-03-19', '16:00:00', 'aller_2_0_36', 25, 25, 23.668, null),
  ('2026-03-19', '16:00:00', 'aller_3_0_32', 25, 17, 23.04, null),
  ('2026-03-19', '16:00:00', 'aller_4_to_4_5_34', 25, 17, 1.292, null),
  ('2026-03-20', '08:00:00', 'aller_0_5_to_1_0_44', 25, 87, 10.115, null),
  ('2026-03-20', '08:00:00', 'aller_0_5_to_1_0_44', 25, 20, 5.739, null),
  ('2026-03-20', '08:00:00', 'aller_0_9_to_1_6_44', 25, 141, 1.248, null),
  ('2026-03-20', '08:00:00', 'aller_2_0_36', 25, 25, 23.668, null),
  ('2026-03-20', '08:00:00', 'aller_3_0_32', 25, 17, 22.995, null),
  ('2026-03-20', '08:00:00', 'aller_4_to_4_5_34', 25, 17, 1.292, null),
  ('2026-03-20', '16:00:00', 'aller_0_5_to_1_0_44', 25, 87, 9.455, null),
  ('2026-03-20', '16:00:00', 'aller_0_5_to_1_0_44', 25, 20, 5.739, null),
  ('2026-03-20', '16:00:00', 'aller_0_9_to_1_6_44', 25, 140, 6.326, null),
  ('2026-03-20', '16:00:00', 'aller_2_0_36', 25, 25, 23.668, null),
  ('2026-03-20', '16:00:00', 'aller_3_0_32', 25, 15, 4.962, null),
  ('2026-03-20', '16:00:00', 'aller_4_to_4_5_34', 25, 15, 1.292, null),
  ('2026-03-21', '08:00:00', 'aller_0_5_to_1_0_44', 25, 87, 9.455, null),
  ('2026-03-21', '08:00:00', 'aller_0_5_to_1_0_44', 25, 20, 5.739, null),
  ('2026-03-21', '08:00:00', 'aller_0_9_to_1_6_44', 25, 140, 6.326, null),
  ('2026-03-21', '08:00:00', 'aller_2_0_36', 25, 25, 23.668, null),
  ('2026-03-21', '08:00:00', 'aller_3_0_32', 25, 15, 4.962, null),
  ('2026-03-21', '08:00:00', 'aller_4_to_4_5_34', 25, 15, 1.292, null),
  ('2026-03-21', '16:00:00', 'aller_0_5_to_1_0_44', 25, 87, 8.764, null),
  ('2026-03-21', '16:00:00', 'aller_0_5_to_1_0_44', 25, 20, 5.739, null),
  ('2026-03-21', '16:00:00', 'aller_0_9_to_1_6_44', 25, 140, 11.365, null),
  ('2026-03-21', '16:00:00', 'aller_2_0_36', 25, 25, 23.668, null),
  ('2026-03-21', '16:00:00', 'aller_3_0_32', 25, 12, 12.84, null),
  ('2026-03-21', '16:00:00', 'aller_4_to_4_5_34', 25, 12, 1.292, null),
  ('2026-03-22', '08:00:00', 'aller_0_5_to_1_0_44', 25, 87, 8.764, null),
  ('2026-03-22', '08:00:00', 'aller_0_5_to_1_0_44', 25, 20, 5.739, null),
  ('2026-03-22', '08:00:00', 'aller_0_9_to_1_6_44', 25, 140, 11.365, null),
  ('2026-03-22', '08:00:00', 'aller_2_0_36', 25, 25, 23.668, null),
  ('2026-03-22', '08:00:00', 'aller_3_0_32', 25, 12, 12.84, null),
  ('2026-03-22', '08:00:00', 'aller_4_to_4_5_34', 25, 12, 1.292, null),
  ('2026-03-22', '16:00:00', 'aller_0_5_to_1_0_44', 25, 87, 8.607, null),
  ('2026-03-22', '16:00:00', 'aller_0_5_to_1_0_44', 25, 20, 5.739, null),
  ('2026-03-22', '16:00:00', 'aller_0_9_to_1_6_44', 25, 139, 23.637, null),
  ('2026-03-22', '16:00:00', 'aller_2_0_36', 25, 25, 23.668, null),
  ('2026-03-22', '16:00:00', 'aller_3_0_32', 25, 10, 23.094, null),
  ('2026-03-22', '16:00:00', 'aller_4_to_4_5_34', 25, 10, 1.292, null),
  ('2026-03-23', '08:00:00', 'aller_0_5_to_1_0_44', 25, 87, 8.48, null),
  ('2026-03-23', '08:00:00', 'aller_0_5_to_1_0_44', 25, 20, 5.739, null),
  ('2026-03-23', '08:00:00', 'aller_0_9_to_1_6_44', 25, 139, 23.637, null),
  ('2026-03-23', '08:00:00', 'aller_2_0_36', 25, 25, 23.668, null),
  ('2026-03-23', '08:00:00', 'aller_3_0_32', 25, 25, 23.094, null),
  ('2026-03-23', '08:00:00', 'aller_4_to_4_5_34', 25, 25, 1.292, null),
  ('2026-03-23', '16:00:00', 'aller_0_5_to_1_0_44', 25, 87, 7.788, null),
  ('2026-03-23', '16:00:00', 'aller_0_5_to_1_0_44', 25, 20, 5.737, null),
  ('2026-03-23', '16:00:00', 'aller_0_9_to_1_6_44', 25, 139, 20.103, null),
  ('2026-03-23', '16:00:00', 'aller_2_0_36', 25, 25, 23.668, null),
  ('2026-03-23', '16:00:00', 'aller_3_0_32', 25, 9, 8.594, null),
  ('2026-03-23', '16:00:00', 'aller_4_to_4_5_34', 25, 9, 1.292, null),
  ('2026-03-24', '08:00:00', 'aller_0_5_to_1_0_44', 25, 81, 7.788, null),
  ('2026-03-24', '08:00:00', 'aller_0_5_to_1_0_44', 25, 20, 5.139, null),
  ('2026-03-24', '08:00:00', 'aller_0_9_to_1_6_44', 25, 139, 26.103, null),
  ('2026-03-24', '08:00:00', 'aller_2_0_36', 25, 25, 25.688, null),
  ('2026-03-24', '08:00:00', 'aller_3_0_32', 25, 9, 8.594, null),
  ('2026-03-24', '08:00:00', 'aller_4_to_4_5_34', 25, 9, 1.292, null),
  ('2026-03-24', '16:00:00', 'aller_0_5_to_1_0_44', 25, 87, 7.631, null),
  ('2026-03-24', '16:00:00', 'aller_0_5_to_1_0_44', 25, 20, 5.139, null),
  ('2026-03-24', '16:00:00', 'aller_0_9_to_1_6_44', 25, 139, 2.321, null),
  ('2026-03-24', '16:00:00', 'aller_2_0_36', 25, 25, 23.668, null),
  ('2026-03-24', '16:00:00', 'aller_3_0_32', 25, 7, 15.379, null),
  ('2026-03-24', '16:00:00', 'aller_4_to_4_5_34', 25, 7, 1.292, null),
  ('2026-03-25', '08:00:00', 'aller_0_5_to_1_0_44', 25, 87, 7.681, null),
  ('2026-03-25', '08:00:00', 'aller_0_5_to_1_0_44', 25, 20, 5.739, null),
  ('2026-03-25', '08:00:00', 'aller_0_9_to_1_6_44', 25, 139, 2.321, null),
  ('2026-03-25', '08:00:00', 'aller_2_0_36', 25, 25, 23.667, null),
  ('2026-03-25', '08:00:00', 'aller_3_0_32', 25, 7, 15.379, null),
  ('2026-03-25', '08:00:00', 'aller_4_to_4_5_34', 25, 7, 1.29, null),
  ('2026-03-25', '16:00:00', 'aller_0_5_to_1_0_44', 25, 87, 7.13, null),
  ('2026-03-25', '16:00:00', 'aller_0_5_to_1_0_44', 25, 20, 5.739, null),
  ('2026-03-25', '16:00:00', 'aller_0_9_to_1_6_44', 25, 138, 4.9, null),
  ('2026-03-25', '16:00:00', 'aller_2_0_36', 25, 25, 17.501, null),
  ('2026-03-25', '16:00:00', 'aller_3_0_32', 25, 7, 14.839, null),
  ('2026-03-25', '16:00:00', 'aller_4_to_4_5_34', 25, 7, 1.29, null),
  ('2026-03-26', '08:00:00', 'aller_0_5_to_1_0_44', 25, 87, 7.13, null),
  ('2026-03-26', '08:00:00', 'aller_0_5_to_1_0_44', 25, 20, 5.739, null),
  ('2026-03-26', '08:00:00', 'aller_0_9_to_1_6_44', 25, 138, 4.9, null),
  ('2026-03-26', '08:00:00', 'aller_2_0_36', 25, 25, 17.501, null),
  ('2026-03-26', '08:00:00', 'aller_3_0_32', 25, 4, 14.839, null),
  ('2026-03-26', '08:00:00', 'aller_4_to_4_5_34', 25, 4, 1.29, null),
  ('2026-03-26', '16:00:00', 'aller_0_5_to_1_0_44', 25, 87, 7.13, null),
  ('2026-03-26', '16:00:00', 'aller_0_5_to_1_0_44', 25, 20, 5.739, null),
  ('2026-03-26', '16:00:00', 'aller_0_9_to_1_6_44', 25, 137, 7.337, null),
  ('2026-03-26', '16:00:00', 'aller_2_0_36', 25, 25, 11.6, null),
  ('2026-03-26', '16:00:00', 'aller_3_0_32', 25, 2, 0, null),
  ('2026-03-26', '16:00:00', 'aller_4_to_4_5_34', 25, 2, 1.29, null);

create temp table tmp_import_fish_stocking (
  local_id text,
  system_name text,
  date date,
  number_of_fish_stocking bigint,
  total_weight_stocking double precision,
  abw double precision,
  batch_key text,
  type_of_stocking public.type_of_stocking,
  notes text
);

insert into tmp_import_fish_stocking (local_id, system_name, date, number_of_fish_stocking, total_weight_stocking, abw, batch_key, type_of_stocking, notes) values
  ('stocking-2', 'A2', '2026-02-09', 32900, 46.35, 1.4, 'KIPILI FARM|2026-02-09|KIPILI FARM 2026-02-09 A2', 'empty', null),
  ('stocking-3', 'A3', '2026-02-13', 14243, 27.07, 1.9, 'KIMBWELA HATCHERY|2026-02-13|KIMBWELA HATCHERY 2026-02-13 A3', 'empty', null),
  ('stocking-4', 'B2', '2026-02-18', 74277, 74.277, 1, 'KIPILI FARM|2026-02-18|KIPILI FARM 2026-02-18 B2', 'empty', null),
  ('stocking-5', 'A2', '2026-02-26', 7728, 19.15, 2.478, 'KIPILI FARM|2026-02-26|KIPILI FARM 2026-02-26 A2', 'already_stocked', null),
  ('stocking-6', 'B1', '2026-03-05', 55000, 16.5, 0.5, 'KIPILI FARM|2026-03-05|0326K', 'empty', null);

create temp table tmp_import_feeding_record (
  local_id text,
  system_name text,
  feed_type_key text,
  feeding_amount double precision,
  date date,
  feeding_response public.feeding_response,
  notes text
);

insert into tmp_import_feeding_record (local_id, system_name, feed_type_key, feeding_amount, date, feeding_response, notes) values
  ('feed-record-250', 'A2', 'aller_0_9_to_1_0_44', 3.7, '2026-02-10', 'fair', null),
  ('feed-record-252', 'A2', 'aller_0_9_to_1_0_44', 3.7, '2026-02-11', 'fair', null),
  ('feed-record-256', 'A2', 'aller_0_9_to_1_0_44', 3.7, '2026-02-12', 'fair', null),
  ('feed-record-260', 'A2', 'aller_0_9_to_1_0_44', 3.7, '2026-02-13', 'fair', null),
  ('feed-record-264', 'A2', 'aller_0_9_to_1_0_44', 3.7, '2026-02-14', 'good', null),
  ('feed-record-265', 'A3', 'aller_0_9_to_1_0_44', 2.2, '2026-02-14', 'fair', null),
  ('feed-record-268', 'A2', 'aller_0_9_to_1_0_44', 3.7, '2026-02-15', 'good', null),
  ('feed-record-269', 'A3', 'aller_0_9_to_1_0_44', 2.2, '2026-02-15', 'fair', null),
  ('feed-record-273', 'A2', 'aller_0_9_to_1_0_44', 3.7, '2026-02-16', 'good', null),
  ('feed-record-274', 'A3', 'aller_0_9_to_1_0_44', 2.2, '2026-02-16', 'fair', null),
  ('feed-record-278', 'A2', 'aller_0_9_to_1_0_44', 3.7, '2026-02-17', 'good', null),
  ('feed-record-279', 'A3', 'aller_0_9_to_1_0_44', 2.2, '2026-02-17', 'good', null),
  ('feed-record-283', 'A2', 'aller_0_9_to_1_0_44', 3.7, '2026-02-18', 'good', null),
  ('feed-record-284', 'A3', 'aller_0_9_to_1_0_44', 2.2, '2026-02-18', 'good', null),
  ('feed-record-288', 'B2', 'aller_0_9_to_1_0_44', 3.7, '2026-02-19', 'good', null),
  ('feed-record-289', 'A3', 'aller_0_9_to_1_0_44', 2.2, '2026-02-19', 'good', null),
  ('feed-record-292', 'A2', 'aller_0_9_to_1_6_44', 1.5, '2026-02-19', 'good', null),
  ('feed-record-294', 'B2', 'aller_0_9_to_1_0_44', 3.7, '2026-02-20', 'good', null),
  ('feed-record-295', 'A3', 'aller_0_9_to_1_0_44', 2.2, '2026-02-20', 'good', null),
  ('feed-record-298', 'A2', 'aller_0_9_to_1_6_44', 1.5, '2026-02-20', 'good', null),
  ('feed-record-300', 'B2', 'aller_0_9_to_1_0_44', 3.7, '2026-02-21', 'good', null),
  ('feed-record-301', 'A3', 'aller_0_9_to_1_0_44', 2.2, '2026-02-21', 'good', null),
  ('feed-record-304', 'A2', 'aller_0_9_to_1_6_44', 6, '2026-02-21', 'good', null),
  ('feed-record-310', 'B2', 'aller_0_9_to_1_0_44', 3.7, '2026-02-24', 'good', null),
  ('feed-record-311', 'A3', 'aller_0_9_to_1_0_44', 2.2, '2026-02-24', 'good', null),
  ('feed-record-314', 'A2', 'aller_0_9_to_1_6_44', 6, '2026-02-24', 'good', null),
  ('feed-record-316', 'B2', 'aller_0_9_to_1_0_44', 3.7, '2026-02-25', 'good', null),
  ('feed-record-317', 'A3', 'aller_0_9_to_1_0_44', 2.2, '2026-02-25', 'good', null),
  ('feed-record-320', 'A2', 'aller_0_9_to_1_6_44', 6, '2026-02-25', 'very_good', null),
  ('feed-record-322', 'B2', 'aller_0_9_to_1_0_44', 3.7, '2026-02-26', 'good', null),
  ('feed-record-323', 'A3', 'aller_0_9_to_1_0_44', 2.2, '2026-02-26', 'good', null),
  ('feed-record-326', 'A2', 'aller_0_9_to_1_6_44', 6, '2026-02-26', 'very_good', null),
  ('feed-record-328', 'B2', 'aller_0_9_to_1_0_44', 5.5, '2026-02-27', 'good', null),
  ('feed-record-329', 'A3', 'aller_0_9_to_1_0_44', 2.2, '2026-02-27', 'good', null),
  ('feed-record-332', 'A2', 'aller_0_9_to_1_6_44', 8, '2026-02-27', 'very_good', null),
  ('feed-record-334', 'B2', 'aller_0_9_to_1_0_44', 5.5, '2026-02-28', 'good', null),
  ('feed-record-335', 'A3', 'aller_0_9_to_1_0_44', 2.2, '2026-02-28', 'good', null),
  ('feed-record-338', 'A2', 'aller_0_9_to_1_6_44', 8, '2026-02-28', 'very_good', null),
  ('feed-record-340', 'B2', 'aller_0_9_to_1_0_44', 5.5, '2026-03-01', 'good', null),
  ('feed-record-341', 'A3', 'aller_0_9_to_1_0_44', 2.2, '2026-03-01', 'good', null),
  ('feed-record-344', 'A2', 'aller_0_9_to_1_6_44', 8, '2026-03-01', 'very_good', null),
  ('feed-record-346', 'B2', 'aller_0_9_to_1_0_44', 5.5, '2026-03-02', 'good', null),
  ('feed-record-347', 'A3', 'aller_0_9_to_1_0_44', 2.2, '2026-03-02', 'fair', null),
  ('feed-record-350', 'A2', 'aller_0_9_to_1_6_44', 8, '2026-03-02', 'very_good', null),
  ('feed-record-352', 'A2', 'aller_0_9_to_1_0_44', 5.5, '2026-03-03', 'good', null),
  ('feed-record-353', 'A3', 'aller_0_9_to_1_0_44', 2.2, '2026-03-03', 'fair', null),
  ('feed-record-356', 'B2', 'aller_0_9_to_1_6_44', 8, '2026-03-03', 'very_good', null),
  ('feed-record-358', 'A2', 'aller_0_9_to_1_0_44', 5.5, '2026-03-04', 'good', null),
  ('feed-record-359', 'A3', 'aller_0_9_to_1_0_44', 2.2, '2026-03-04', 'good', null),
  ('feed-record-362', 'B2', 'aller_0_9_to_1_6_44', 8, '2026-03-04', 'very_good', null),
  ('feed-record-364', 'A2', 'aller_0_9_to_1_0_44', 5.5, '2026-03-05', 'good', null),
  ('feed-record-365', 'A3', 'aller_0_9_to_1_0_44', 2.2, '2026-03-05', 'good', null),
  ('feed-record-368', 'B2', 'aller_0_9_to_1_6_44', 8, '2026-03-05', 'very_good', null),
  ('feed-record-370', 'A2', 'aller_0_9_to_1_0_44', 5.5, '2026-03-06', 'good', null),
  ('feed-record-371', 'A3', 'aller_0_9_to_1_0_44', 2.2, '2026-03-06', 'very_good', null),
  ('feed-record-373', 'B1', 'aller_0_5_to_1_0_44', 2.2, '2026-03-06', 'fair', null),
  ('feed-record-374', 'B2', 'aller_0_9_to_1_0_44', 8, '2026-03-06', 'very_good', null),
  ('feed-record-376', 'A2', 'aller_0_9_to_1_0_44', 5.5, '2026-03-07', 'very_good', null),
  ('feed-record-377', 'A3', 'aller_0_9_to_1_0_44', 2.2, '2026-03-07', 'good', null),
  ('feed-record-380', 'B1', 'aller_0_5_to_1_0_44', 2.2, '2026-03-07', 'good', null),
  ('feed-record-381', 'B2', 'aller_0_9_to_1_0_44', 8, '2026-03-07', 'very_good', null),
  ('feed-record-383', 'A2', 'aller_0_9_to_1_0_44', 5.5, '2026-03-08', 'very_good', null),
  ('feed-record-384', 'A3', 'aller_0_9_to_1_0_44', 2.2, '2026-03-08', 'good', null),
  ('feed-record-387', 'B1', 'aller_0_5_to_1_0_44', 2.2, '2026-03-08', 'very_good', null),
  ('feed-record-388', 'B2', 'aller_0_9_to_1_0_44', 8, '2026-03-08', 'very_good', null),
  ('feed-record-390', 'A2', 'aller_0_9_to_1_0_44', 5.5, '2026-03-09', 'good', null),
  ('feed-record-391', 'A3', 'aller_0_9_to_1_0_44', 2.2, '2026-03-09', 'good', null),
  ('feed-record-394', 'B1', 'aller_0_5_to_1_0_44', 3.2, '2026-03-09', 'good', null),
  ('feed-record-395', 'B2', 'aller_0_9_to_1_0_44', 8, '2026-03-09', 'very_good', null),
  ('feed-record-397', 'A2', 'aller_0_9_to_1_0_44', 5.5, '2026-03-10', 'good', null),
  ('feed-record-398', 'A3', 'aller_0_9_to_1_0_44', 2.2, '2026-03-10', 'good', null),
  ('feed-record-401', 'B1', 'aller_0_5_to_1_0_44', 3.2, '2026-03-10', 'very_good', null),
  ('feed-record-402', 'B2', 'aller_0_9_to_1_0_44', 8, '2026-03-10', 'very_good', null),
  ('feed-record-404', 'A2', 'aller_0_9_to_1_0_44', 6.7, '2026-03-11', 'very_good', null),
  ('feed-record-405', 'A3', 'aller_0_9_to_1_0_44', 2.5, '2026-03-11', 'good', null),
  ('feed-record-408', 'B1', 'aller_0_5_to_1_0_44', 4, '2026-03-11', 'fair', null),
  ('feed-record-409', 'B2', 'aller_0_9_to_1_0_44', 10, '2026-03-11', 'very_good', null),
  ('feed-record-411', 'A2', 'aller_0_9_to_1_0_44', 6.7, '2026-03-12', 'very_good', null),
  ('feed-record-412', 'A3', 'aller_0_9_to_1_0_44', 2.5, '2026-03-12', 'very_good', null),
  ('feed-record-416', 'B2', 'aller_0_9_to_1_0_44', 10, '2026-03-12', 'very_good', null),
  ('feed-record-418', 'A2', 'aller_0_9_to_1_0_44', 6.7, '2026-03-13', 'very_good', null),
  ('feed-record-419', 'A3', 'aller_0_9_to_1_0_44', 2.5, '2026-03-13', 'very_good', null),
  ('feed-record-422', 'B1', 'aller_0_5_to_1_0_44', 4, '2026-03-13', 'good', null),
  ('feed-record-423', 'B2', 'aller_0_9_to_1_0_44', 10, '2026-03-13', 'very_good', null),
  ('feed-record-425', 'A2', 'aller_0_9_to_1_0_44', 6.7, '2026-03-14', 'very_good', null),
  ('feed-record-426', 'A3', 'aller_0_9_to_1_0_44', 2.5, '2026-03-14', 'good', null),
  ('feed-record-429', 'B1', 'aller_0_5_to_1_0_44', 4, '2026-03-14', 'good', null),
  ('feed-record-430', 'B2', 'aller_0_5_to_1_0_44', 10, '2026-03-14', 'very_good', null),
  ('feed-record-432', 'A2', 'aller_0_9_to_1_0_44', 6.7, '2026-03-15', 'very_good', null),
  ('feed-record-433', 'A3', 'aller_0_9_to_1_0_44', 2.5, '2026-03-15', 'good', null),
  ('feed-record-436', 'B1', 'aller_0_5_to_1_0_44', 4, '2026-03-15', 'very_good', null),
  ('feed-record-437', 'B2', 'aller_0_9_to_1_0_44', 10, '2026-03-15', 'very_good', null),
  ('feed-record-439', 'A2', 'aller_0_9_to_1_0_44', 6.7, '2026-03-16', 'very_good', null),
  ('feed-record-440', 'A3', 'aller_0_9_to_1_0_44', 2.5, '2026-03-16', 'good', null),
  ('feed-record-444', 'B2', 'aller_0_9_to_1_0_44', 5, '2026-03-16', 'very_good', null),
  ('feed-record-446', 'A2', 'aller_0_9_to_1_0_44', 6.7, '2026-03-17', 'very_good', null),
  ('feed-record-447', 'A3', 'aller_0_9_to_1_0_44', 2.5, '2026-03-17', 'good', null),
  ('feed-record-451', 'B2', 'aller_0_9_to_1_0_44', 10, '2026-03-17', 'very_good', null),
  ('feed-record-453', 'A2', 'aller_0_9_to_1_0_44', 6.7, '2026-03-18', 'very_good', null),
  ('feed-record-454', 'A3', 'aller_0_9_to_1_0_44', 2.5, '2026-03-18', 'good', null),
  ('feed-record-457', 'B1', 'aller_0_5_to_1_0_44', 4, '2026-03-18', 'very_good', null),
  ('feed-record-458', 'B2', 'aller_0_9_to_1_0_44', 10, '2026-03-18', 'very_good', null),
  ('feed-record-460', 'A2', 'aller_0_9_to_1_0_44', 6.7, '2026-03-19', 'very_good', null),
  ('feed-record-461', 'A3', 'aller_0_9_to_1_0_44', 2.5, '2026-03-19', 'good', null),
  ('feed-record-464', 'B1 (HAPA 1)', 'aller_0_9_to_1_0_44', 0.5, '2026-03-19', 'good', null),
  ('feed-record-465', 'B1 (HAPA 2)', 'aller_0_9_to_1_0_44', 0.69, '2026-03-19', 'good', null),
  ('feed-record-466', 'B1 (HAPA 3)', 'aller_0_9_to_1_0_44', 0.157, '2026-03-19', 'good', null),
  ('feed-record-467', 'B2', 'aller_0_9_to_1_0_44', 10, '2026-03-19', 'very_good', null),
  ('feed-record-469', 'A2', 'aller_0_9_to_1_0_44', 6.7, '2026-03-20', 'very_good', null),
  ('feed-record-470', 'A3', 'aller_0_9_to_1_0_44', 3.5, '2026-03-20', 'good', null),
  ('feed-record-473', 'B1', 'aller_0_9_to_1_0_44', 0.5, '2026-03-20', 'good', null),
  ('feed-record-474', 'B1 (HAPA 1)', 'aller_0_9_to_1_0_44', 0.69, '2026-03-20', 'very_good', null),
  ('feed-record-475', 'B1 (HAPA 2)', 'aller_0_9_to_1_0_44', 0.157, '2026-03-20', 'very_good', null),
  ('feed-record-476', 'B2', 'aller_0_9_to_1_0_44', 10, '2026-03-20', 'very_good', null),
  ('feed-record-478', 'A2', 'aller_0_9_to_1_0_44', 6.7, '2026-03-21', 'good', null),
  ('feed-record-479', 'A3', 'aller_0_9_to_1_0_44', 3.5, '2026-03-21', 'very_good', null),
  ('feed-record-482', 'B1', 'aller_0_9_to_1_0_44', 0.5, '2026-03-21', 'very_good', null),
  ('feed-record-483', 'B1 (HAPA 1)', 'aller_0_9_to_1_0_44', 0.69, '2026-03-21', 'very_good', null),
  ('feed-record-484', 'B1 (HAPA 2)', 'aller_0_9_to_1_0_44', 0.157, '2026-03-21', 'good', null),
  ('feed-record-485', 'B2', 'aller_0_9_to_1_0_44', 10, '2026-03-21', 'good', null),
  ('feed-record-487', 'A2', 'aller_0_9_to_1_0_44', 4.2, '2026-03-22', 'very_good', null),
  ('feed-record-488', 'A3', 'aller_0_9_to_1_0_44', 1.5, '2026-03-22', 'very_good', null),
  ('feed-record-491', 'B1', 'aller_0_9_to_1_0_44', 0.5, '2026-03-22', 'good', null),
  ('feed-record-492', 'B1 (HAPA 1)', 'aller_0_9_to_1_0_44', 0.69, '2026-03-22', 'good', null),
  ('feed-record-493', 'B1 (HAPA 2)', 'aller_0_9_to_1_0_44', 0.157, '2026-03-22', 'very_good', null),
  ('feed-record-494', 'B2', 'aller_0_9_to_1_0_44', 6, '2026-03-22', 'very_good', null),
  ('feed-record-496', 'A2', 'aller_0_9_to_1_0_44', 10.34, '2026-03-23', 'very_good', null),
  ('feed-record-497', 'A3', 'aller_0_9_to_1_0_44', 0.5, '2026-03-23', 'good', null),
  ('feed-record-500', 'B1', 'aller_0_9_to_1_0_44', 0.5, '2026-03-23', 'good', null),
  ('feed-record-501', 'B1 (HAPA 1)', 'aller_0_9_to_1_0_44', 0.69, '2026-03-23', 'good', null),
  ('feed-record-502', 'B1 (HAPA 2)', 'aller_0_9_to_1_0_44', 0.157, '2026-03-23', 'very_good', null),
  ('feed-record-503', 'B2', 'aller_0_9_to_1_0_44', 2, '2026-03-23', 'very_good', null),
  ('feed-record-505', 'A2', 'aller_0_9_to_1_0_44', 6.7, '2026-03-24', 'very_good', null),
  ('feed-record-506', 'A3', 'aller_0_9_to_1_0_44', 2.5, '2026-03-24', 'very_good', null),
  ('feed-record-509', 'B1', 'aller_0_9_to_1_0_44', 0.5, '2026-03-24', 'good', null),
  ('feed-record-510', 'B1 (HAPA 1)', 'aller_0_9_to_1_0_44', 0.69, '2026-03-24', 'good', null),
  ('feed-record-511', 'B1 (HAPA 2)', 'aller_0_5_to_1_0_44', 0.157, '2026-03-24', 'good', null),
  ('feed-record-512', 'B2', 'aller_0_9_to_1_0_44', 10, '2026-03-24', 'very_good', null),
  ('feed-record-514', 'A2', 'aller_0_9_to_1_0_44', 10, '2026-03-25', 'very_good', null),
  ('feed-record-515', 'A3', 'aller_2_0_36', 6, '2026-03-25', 'very_good', null),
  ('feed-record-518', 'B1', 'aller_0_9_to_1_0_44', 0.157, '2026-03-25', 'good', null),
  ('feed-record-519', 'B1 (HAPA 1)', 'aller_0_9_to_1_0_44', 0.5, '2026-03-25', 'good', null),
  ('feed-record-520', 'B1 (HAPA 2)', 'aller_0_5_to_1_0_44', 0.69, '2026-03-25', 'good', null),
  ('feed-record-521', 'B2', 'aller_0_9_to_1_0_44', 12, '2026-03-25', 'very_good', null),
  ('feed-record-523', 'A2', 'aller_0_9_to_1_0_44', 10, '2026-03-26', 'very_good', null),
  ('feed-record-524', 'A3', 'aller_2_0_36', 6, '2026-03-26', 'very_good', null),
  ('feed-record-527', 'B1', 'aller_0_9_to_1_0_44', 50, '2026-03-26', 'good', null),
  ('feed-record-528', 'B1 (HAPA 1)', 'aller_0_9_to_1_0_44', 0.5, '2026-03-26', 'good', null),
  ('feed-record-529', 'B1 (HAPA 2)', 'aller_0_5_to_1_0_44', 0.8, '2026-03-26', 'good', null),
  ('feed-record-530', 'B2', 'aller_0_9_to_1_0_44', 12, '2026-03-26', 'very_good', null);

create temp table tmp_import_fish_sampling (
  local_id text,
  system_name text,
  date date,
  number_of_fish_sampling bigint,
  total_weight_sampling double precision,
  abw double precision,
  notes text
);

insert into tmp_import_fish_sampling (local_id, system_name, date, number_of_fish_sampling, total_weight_sampling, abw, notes) values
  ('sampling-7', 'A2', '2026-02-23', 500, 1035, 2.07, null),
  ('sampling-8', 'A3', '2026-02-23', 500, 1910, 3.82, null),
  ('sampling-10', 'B2', '2026-02-23', 500, 670, 1.34, null),
  ('sampling-12', 'A2', '2026-03-23', 500, 2755, 5.51, null),
  ('sampling-13', 'A3', '2026-03-23', 250, 2060, 8.24, null),
  ('sampling-16', 'B2', '2026-03-23', 500, 2000, 4, null),
  ('sampling-17', 'B1', '2026-03-23', 100, 100, 1, null),
  ('sampling-18', 'B1 (HAPA 1)', '2026-03-23', 140, 85, 0.6, null),
  ('sampling-19', 'B1 (HAPA 2)', '2026-03-23', 239, 50, 0.2, null);

create temp table tmp_import_fish_mortality (
  local_id text,
  system_name text,
  date date,
  number_of_fish_mortality bigint,
  notes text
);

insert into tmp_import_fish_mortality (local_id, system_name, date, number_of_fish_mortality, notes) values
  ('mortality-74', 'A3', '2026-02-24', 5, null),
  ('mortality-75', 'A3', '2026-02-25', 4, null),
  ('mortality-76', 'A3', '2026-02-26', 2, null),
  ('mortality-79', 'A2', '2026-02-27', 1, null),
  ('mortality-80', 'A3', '2026-02-28', 2, null),
  ('mortality-83', 'A3', '2026-03-03', 2, 'New cage naming system started to be implemented'),
  ('mortality-84', 'A2', '2026-03-04', 2, null),
  ('mortality-85', 'A3', '2026-03-04', 2, null),
  ('mortality-87', 'A3', '2026-03-05', 3, null),
  ('mortality-88', 'A2', '2026-03-07', 1, null),
  ('mortality-89', 'A3', '2026-03-07', 5, null),
  ('mortality-91', 'A3', '2026-03-09', 2, null),
  ('mortality-94', 'B1', '2026-03-11', 446, null),
  ('mortality-98', 'B1', '2026-03-12', 237, null),
  ('mortality-101', 'B1', '2026-03-13', 173, null),
  ('mortality-112', 'B1 (HAPA 2)', '2026-03-18', 1083, null),
  ('mortality-118', 'A2', '2026-03-22', 1, null),
  ('mortality-124', 'A3', '2026-03-26', 2, null);

create temp table tmp_import_fish_transfer (
  local_id text,
  origin_system_name text,
  target_system_name text,
  external_target_name text,
  number_of_fish_transfer double precision,
  date date,
  total_weight_transfer double precision,
  abw double precision,
  transfer_type public.transfer_type,
  notes text
);

create temp table tmp_import_water_quality (
  local_id text,
  date date,
  time time,
  parameter_name public.water_quality_parameters,
  water_depth double precision,
  parameter_value double precision,
  system_name text,
  measured_at timestamptz,
  location_reference text
);

insert into tmp_import_water_quality (local_id, date, time, parameter_name, water_depth, parameter_value, system_name, measured_at, location_reference) values
  ('water-quality-1194', '2026-02-24', '08:45:00', 'temperature', 1, 26.8, 'A2', '2026-02-24 08:45:00', null),
  ('water-quality-1195', '2026-02-24', '08:45:00', 'temperature', 3, 26.9, 'A2', '2026-02-24 08:45:00', null),
  ('water-quality-1196', '2026-02-24', '16:16:00', 'temperature', 1, 28.1, 'A2', '2026-02-24 16:16:00', null),
  ('water-quality-1197', '2026-02-24', '16:16:00', 'temperature', 3, 27.9, 'A2', '2026-02-24 16:16:00', null),
  ('water-quality-1198', '2026-02-24', '08:45:00', 'dissolved_oxygen', 1, 6.39, 'A2', '2026-02-24 08:45:00', null),
  ('water-quality-1199', '2026-02-24', '08:45:00', 'dissolved_oxygen', 3, 6.33, 'A2', '2026-02-24 08:45:00', null),
  ('water-quality-1200', '2026-02-24', '16:16:00', 'dissolved_oxygen', 1, 6.13, 'A2', '2026-02-24 16:16:00', null),
  ('water-quality-1201', '2026-02-24', '16:16:00', 'dissolved_oxygen', 3, 6.27, 'A2', '2026-02-24 16:16:00', null),
  ('water-quality-1202', '2026-02-24', '08:51:00', 'temperature', 1, 26.8, 'A3', '2026-02-24 08:51:00', null),
  ('water-quality-1203', '2026-02-24', '08:51:00', 'temperature', 3, 26.9, 'A3', '2026-02-24 08:51:00', null),
  ('water-quality-1204', '2026-02-24', '16:22:00', 'temperature', 1, 28, 'A3', '2026-02-24 16:22:00', null),
  ('water-quality-1205', '2026-02-24', '16:22:00', 'temperature', 3, 27.8, 'A3', '2026-02-24 16:22:00', null),
  ('water-quality-1206', '2026-02-24', '08:51:00', 'dissolved_oxygen', 1, 6.3, 'A3', '2026-02-24 08:51:00', null),
  ('water-quality-1207', '2026-02-24', '08:51:00', 'dissolved_oxygen', 3, 6.41, 'A3', '2026-02-24 08:51:00', null),
  ('water-quality-1208', '2026-02-24', '16:22:00', 'dissolved_oxygen', 1, 6.42, 'A3', '2026-02-24 16:22:00', null),
  ('water-quality-1209', '2026-02-24', '16:22:00', 'dissolved_oxygen', 3, 6.54, 'A3', '2026-02-24 16:22:00', null),
  ('water-quality-1226', '2026-02-24', '09:09:00', 'temperature', 1, 26.6, 'A2', '2026-02-24 09:09:00', null),
  ('water-quality-1227', '2026-02-24', '09:09:00', 'temperature', 3, 26.7, 'A2', '2026-02-24 09:09:00', null),
  ('water-quality-1228', '2026-02-24', '16:38:00', 'temperature', 1, 28.4, 'A2', '2026-02-24 16:38:00', null),
  ('water-quality-1229', '2026-02-24', '16:38:00', 'temperature', 3, 28, 'A2', '2026-02-24 16:38:00', null),
  ('water-quality-1230', '2026-02-24', '09:09:00', 'dissolved_oxygen', 1, 6.09, 'A2', '2026-02-24 09:09:00', null),
  ('water-quality-1231', '2026-02-24', '09:09:00', 'dissolved_oxygen', 3, 6.16, 'A2', '2026-02-24 09:09:00', null),
  ('water-quality-1232', '2026-02-24', '16:38:00', 'dissolved_oxygen', 1, 5.93, 'A2', '2026-02-24 16:38:00', null),
  ('water-quality-1233', '2026-02-24', '16:38:00', 'dissolved_oxygen', 3, 6.63, 'A2', '2026-02-24 16:38:00', null),
  ('water-quality-1234', '2026-02-24', '09:15:00', 'temperature', 1, 26.8, 'LAKE REFERENCE', '2026-02-24 09:15:00', 'LAKE'),
  ('water-quality-1235', '2026-02-24', '09:15:00', 'temperature', 3, 26.9, 'LAKE REFERENCE', '2026-02-24 09:15:00', 'LAKE'),
  ('water-quality-1236', '2026-02-24', '16:46:00', 'temperature', 1, 27.6, 'LAKE REFERENCE', '2026-02-24 16:46:00', 'LAKE'),
  ('water-quality-1237', '2026-02-24', '16:46:00', 'temperature', 3, 27.6, 'LAKE REFERENCE', '2026-02-24 16:46:00', 'LAKE'),
  ('water-quality-1238', '2026-02-24', '09:15:00', 'dissolved_oxygen', 1, 6.59, 'LAKE REFERENCE', '2026-02-24 09:15:00', 'LAKE'),
  ('water-quality-1239', '2026-02-24', '09:15:00', 'dissolved_oxygen', 3, 6.57, 'LAKE REFERENCE', '2026-02-24 09:15:00', 'LAKE'),
  ('water-quality-1240', '2026-02-24', '16:46:00', 'dissolved_oxygen', 1, 6.58, 'LAKE REFERENCE', '2026-02-24 16:46:00', 'LAKE'),
  ('water-quality-1241', '2026-02-24', '16:46:00', 'dissolved_oxygen', 3, 6.63, 'LAKE REFERENCE', '2026-02-24 16:46:00', 'LAKE'),
  ('water-quality-1250', '2026-03-10', '09:02:00', 'temperature', 1, 26.9, 'A2', '2026-03-10 09:02:00', null),
  ('water-quality-1251', '2026-03-10', '09:02:00', 'temperature', 3, 27.1, 'A2', '2026-03-10 09:02:00', null),
  ('water-quality-1252', '2026-03-10', '15:35:00', 'temperature', 1, 27.9, 'A2', '2026-03-10 15:35:00', null),
  ('water-quality-1253', '2026-03-10', '15:35:00', 'temperature', 3, 27.7, 'A2', '2026-03-10 15:35:00', null),
  ('water-quality-1254', '2026-03-10', '09:02:00', 'dissolved_oxygen', 1, 7.4, 'A2', '2026-03-10 09:02:00', null),
  ('water-quality-1255', '2026-03-10', '09:02:00', 'dissolved_oxygen', 3, 7.38, 'A2', '2026-03-10 09:02:00', null),
  ('water-quality-1256', '2026-03-10', '15:35:00', 'dissolved_oxygen', 1, 7.13, 'A2', '2026-03-10 15:35:00', null),
  ('water-quality-1257', '2026-03-10', '15:35:00', 'dissolved_oxygen', 3, 7.29, 'A2', '2026-03-10 15:35:00', null),
  ('water-quality-1258', '2026-03-10', '08:58:00', 'temperature', 1, 27, 'A3', '2026-03-10 08:58:00', null),
  ('water-quality-1259', '2026-03-10', '08:58:00', 'temperature', 3, 27.1, 'A3', '2026-03-10 08:58:00', null),
  ('water-quality-1260', '2026-03-10', '15:41:00', 'temperature', 1, 28.1, 'A3', '2026-03-10 15:41:00', null),
  ('water-quality-1261', '2026-03-10', '15:41:00', 'temperature', 3, 28, 'A3', '2026-03-10 15:41:00', null),
  ('water-quality-1262', '2026-03-10', '08:58:00', 'dissolved_oxygen', 1, 7.28, 'A3', '2026-03-10 08:58:00', null),
  ('water-quality-1263', '2026-03-10', '08:58:00', 'dissolved_oxygen', 3, 7.37, 'A3', '2026-03-10 08:58:00', null),
  ('water-quality-1264', '2026-03-10', '15:41:00', 'dissolved_oxygen', 1, 7.2, 'A3', '2026-03-10 15:41:00', null),
  ('water-quality-1265', '2026-03-10', '15:41:00', 'dissolved_oxygen', 3, 7.16, 'A3', '2026-03-10 15:41:00', null),
  ('water-quality-1282', '2026-03-10', '09:17:00', 'temperature', 1, 27.1, 'B1', '2026-03-10 09:17:00', null),
  ('water-quality-1283', '2026-03-10', '09:17:00', 'temperature', 3, 27.2, 'B1', '2026-03-10 09:17:00', null),
  ('water-quality-1284', '2026-03-10', '15:53:00', 'temperature', 1, 28.9, 'B1', '2026-03-10 15:53:00', null),
  ('water-quality-1285', '2026-03-10', '15:53:00', 'temperature', 3, 28.5, 'B1', '2026-03-10 15:53:00', null),
  ('water-quality-1286', '2026-03-10', '09:17:00', 'dissolved_oxygen', 1, 7.36, 'B1', '2026-03-10 09:17:00', null),
  ('water-quality-1287', '2026-03-10', '09:17:00', 'dissolved_oxygen', 3, 7.01, 'B1', '2026-03-10 09:17:00', null),
  ('water-quality-1288', '2026-03-10', '15:53:00', 'dissolved_oxygen', 1, 6.34, 'B1', '2026-03-10 15:53:00', null),
  ('water-quality-1289', '2026-03-10', '15:53:00', 'dissolved_oxygen', 3, 6.85, 'B1', '2026-03-10 15:53:00', null),
  ('water-quality-1290', '2026-03-10', '09:12:00', 'temperature', 1, 26.8, 'B2', '2026-03-10 09:12:00', null),
  ('water-quality-1291', '2026-03-10', '09:12:00', 'temperature', 3, 27.3, 'B2', '2026-03-10 09:12:00', null),
  ('water-quality-1292', '2026-03-10', '15:57:00', 'temperature', 1, 22.3, 'B2', '2026-03-10 15:57:00', null),
  ('water-quality-1293', '2026-03-10', '15:57:00', 'temperature', 3, 28, 'B2', '2026-03-10 15:57:00', null),
  ('water-quality-1294', '2026-03-10', '09:12:00', 'dissolved_oxygen', 1, 7.25, 'B2', '2026-03-10 09:12:00', null),
  ('water-quality-1295', '2026-03-10', '09:12:00', 'dissolved_oxygen', 3, 7.34, 'B2', '2026-03-10 09:12:00', null),
  ('water-quality-1296', '2026-03-10', '15:57:00', 'dissolved_oxygen', 1, 7.92, 'B2', '2026-03-10 15:57:00', null),
  ('water-quality-1297', '2026-03-10', '15:57:00', 'dissolved_oxygen', 3, 7.18, 'B2', '2026-03-10 15:57:00', null),
  ('water-quality-1298', '2026-03-10', '09:02:00', 'temperature', 1, 27.7, 'LAKE REFERENCE', '2026-03-10 09:02:00', 'LAKE'),
  ('water-quality-1299', '2026-03-10', '09:02:00', 'temperature', 3, 27.8, 'LAKE REFERENCE', '2026-03-10 09:02:00', 'LAKE'),
  ('water-quality-1300', '2026-03-10', '16:01:00', 'temperature', 1, 27.5, 'LAKE REFERENCE', '2026-03-10 16:01:00', 'LAKE'),
  ('water-quality-1301', '2026-03-10', '16:01:00', 'temperature', 3, 27.7, 'LAKE REFERENCE', '2026-03-10 16:01:00', 'LAKE'),
  ('water-quality-1302', '2026-03-10', '09:02:00', 'dissolved_oxygen', 1, 7.42, 'LAKE REFERENCE', '2026-03-10 09:02:00', 'LAKE'),
  ('water-quality-1303', '2026-03-10', '09:02:00', 'dissolved_oxygen', 3, 7.42, 'LAKE REFERENCE', '2026-03-10 09:02:00', 'LAKE'),
  ('water-quality-1304', '2026-03-10', '16:01:00', 'dissolved_oxygen', 1, 7.29, 'LAKE REFERENCE', '2026-03-10 16:01:00', 'LAKE'),
  ('water-quality-1305', '2026-03-10', '16:01:00', 'dissolved_oxygen', 3, 7.36, 'LAKE REFERENCE', '2026-03-10 16:01:00', 'LAKE');

insert into public.system (farm_id, name, unit, type, growth_stage, is_active)
select ctx.farm_id, s.name, s.unit, s.type, s.growth_stage, s.is_active
from tmp_import_system s
cross join tmp_import_context ctx
where not exists (
  select 1
  from public.system existing
  where existing.farm_id = ctx.farm_id
    and lower(existing.name) = lower(s.name)
);

insert into public.feed_supplier (company_name, location_country, location_city)
select supplier_name, supplier_country, supplier_city
from tmp_import_feed_type t
where not exists (
  select 1
  from public.feed_supplier existing
  where lower(existing.company_name) = lower(t.supplier_name)
);

insert into public.feed_type (
  feed_supplier,
  feed_line,
  feed_category,
  feed_pellet_size,
  crude_protein_percentage,
  crude_fat_percentage
)
select fs.id, t.feed_line, t.feed_category, t.feed_pellet_size, t.crude_protein_percentage, t.crude_fat_percentage
from tmp_import_feed_type t
join public.feed_supplier fs
  on lower(fs.company_name) = lower(t.supplier_name)
where not exists (
  select 1
  from public.feed_type existing
  where existing.feed_supplier = fs.id
    and coalesce(lower(existing.feed_line), '') = coalesce(lower(t.feed_line), '')
    and existing.feed_category = t.feed_category
    and existing.feed_pellet_size = t.feed_pellet_size
    and existing.crude_protein_percentage is not distinct from t.crude_protein_percentage
    and existing.crude_fat_percentage is not distinct from t.crude_fat_percentage
);

create temp table tmp_resolved_feed_type as
select t.import_key, existing.id
from tmp_import_feed_type t
join public.feed_supplier fs
  on lower(fs.company_name) = lower(t.supplier_name)
join public.feed_type existing
  on existing.feed_supplier = fs.id
 and coalesce(lower(existing.feed_line), '') = coalesce(lower(t.feed_line), '')
 and existing.feed_category = t.feed_category
 and existing.feed_pellet_size = t.feed_pellet_size
 and existing.crude_protein_percentage is not distinct from t.crude_protein_percentage
 and existing.crude_fat_percentage is not distinct from t.crude_fat_percentage;

insert into public.fingerling_supplier (company_name, location_country, location_city)
select supplier.company_name, supplier.location_country, supplier.location_city
from tmp_import_fingerling_supplier supplier
where not exists (
  select 1
  from public.fingerling_supplier existing
  where lower(existing.company_name) = lower(supplier.company_name)
);

insert into public.fingerling_batch (supplier_id, date_of_delivery, number_of_fish, abw, name, farm_id)
select supplier.id, batch.date_of_delivery, batch.number_of_fish, batch.abw, batch.name, ctx.farm_id
from tmp_import_batch batch
join public.fingerling_supplier supplier
  on lower(supplier.company_name) = lower(batch.supplier_name)
cross join tmp_import_context ctx
where not exists (
  select 1
  from public.fingerling_batch existing
  where existing.farm_id = ctx.farm_id
    and existing.supplier_id = supplier.id
    and existing.date_of_delivery = batch.date_of_delivery
    and lower(existing.name) = lower(batch.name)
);

create temp table tmp_resolved_batch as
select batch.import_key, existing.id
from tmp_import_batch batch
join public.fingerling_supplier supplier
  on lower(supplier.company_name) = lower(batch.supplier_name)
join tmp_import_context ctx
  on true
join public.fingerling_batch existing
  on existing.farm_id = ctx.farm_id
 and existing.supplier_id = supplier.id
 and existing.date_of_delivery = batch.date_of_delivery
 and lower(existing.name) = lower(batch.name);

insert into public.feed_inventory_snapshot (
  farm_id,
  date,
  snapshot_time,
  feed_type_id,
  bag_weight_kg,
  number_of_bags,
  open_bags_kg,
  notes
)
select
  ctx.farm_id,
  snapshot.date,
  snapshot.snapshot_time,
  feed_type.id,
  snapshot.bag_weight_kg,
  snapshot.number_of_bags,
  snapshot.open_bags_kg,
  nullif(snapshot.notes, '')
from tmp_import_feed_inventory_snapshot snapshot
join tmp_import_context ctx on true
join tmp_resolved_feed_type feed_type
  on feed_type.import_key = snapshot.feed_type_key
on conflict (farm_id, date, snapshot_time, feed_type_id) do nothing;

insert into public.fish_stocking (
  date,
  system_id,
  number_of_fish_stocking,
  total_weight_stocking,
  abw,
  batch_id,
  type_of_stocking,
  notes,
  local_id
)
select
  stocking.date,
  system_ref.id,
  stocking.number_of_fish_stocking,
  stocking.total_weight_stocking,
  stocking.abw,
  batch_ref.id,
  stocking.type_of_stocking,
  nullif(stocking.notes, ''),
  stocking.local_id
from tmp_import_fish_stocking stocking
join tmp_import_context ctx on true
join public.system system_ref
  on system_ref.farm_id = ctx.farm_id
 and lower(system_ref.name) = lower(stocking.system_name)
join tmp_resolved_batch batch_ref
  on batch_ref.import_key = stocking.batch_key
where not exists (
  select 1
  from public.fish_stocking existing
  where existing.local_id = stocking.local_id
);

insert into public.feeding_record (
  system_id,
  feed_type_id,
  feeding_amount,
  date,
  feeding_response,
  batch_id,
  notes,
  local_id
)
select
  system_ref.id,
  feed_type.id,
  feed.feeding_amount,
  feed.date,
  feed.feeding_response,
  latest_stocking.batch_id,
  nullif(feed.notes, ''),
  feed.local_id
from tmp_import_feeding_record feed
join tmp_import_context ctx on true
join public.system system_ref
  on system_ref.farm_id = ctx.farm_id
 and lower(system_ref.name) = lower(feed.system_name)
join tmp_resolved_feed_type feed_type
  on feed_type.import_key = feed.feed_type_key
left join lateral (
  select existing.batch_id
  from public.fish_stocking existing
  where existing.system_id = system_ref.id
    and existing.date <= feed.date
  order by existing.date desc, existing.id desc
  limit 1
) latest_stocking on true
where not exists (
  select 1
  from public.feeding_record existing
  where existing.local_id = feed.local_id
);

insert into public.fish_sampling_weight (
  system_id,
  date,
  number_of_fish_sampling,
  total_weight_sampling,
  abw,
  batch_id,
  notes,
  local_id
)
select
  system_ref.id,
  sampling.date,
  sampling.number_of_fish_sampling,
  sampling.total_weight_sampling,
  sampling.abw,
  latest_stocking.batch_id,
  nullif(sampling.notes, ''),
  sampling.local_id
from tmp_import_fish_sampling sampling
join tmp_import_context ctx on true
join public.system system_ref
  on system_ref.farm_id = ctx.farm_id
 and lower(system_ref.name) = lower(sampling.system_name)
left join lateral (
  select existing.batch_id
  from public.fish_stocking existing
  where existing.system_id = system_ref.id
    and existing.date <= sampling.date
  order by existing.date desc, existing.id desc
  limit 1
) latest_stocking on true
where not exists (
  select 1
  from public.fish_sampling_weight existing
  where existing.local_id = sampling.local_id
);

insert into public.fish_mortality (
  system_id,
  date,
  number_of_fish_mortality,
  batch_id,
  cause,
  notes,
  farm_id,
  local_id
)
select
  system_ref.id,
  mortality.date,
  mortality.number_of_fish_mortality,
  latest_stocking.batch_id,
  'unknown',
  nullif(mortality.notes, ''),
  ctx.farm_id,
  mortality.local_id
from tmp_import_fish_mortality mortality
join tmp_import_context ctx on true
join public.system system_ref
  on system_ref.farm_id = ctx.farm_id
 and lower(system_ref.name) = lower(mortality.system_name)
left join lateral (
  select existing.batch_id
  from public.fish_stocking existing
  where existing.system_id = system_ref.id
    and existing.date <= mortality.date
  order by existing.date desc, existing.id desc
  limit 1
) latest_stocking on true
where not exists (
  select 1
  from public.fish_mortality existing
  where existing.local_id = mortality.local_id
);

insert into public.fish_transfer (
  origin_system_id,
  target_system_id,
  number_of_fish_transfer,
  date,
  total_weight_transfer,
  abw,
  batch_id,
  transfer_type,
  notes,
  external_target_name,
  local_id
)
select
  origin_ref.id,
  target_ref.id,
  transfer.number_of_fish_transfer,
  transfer.date,
  transfer.total_weight_transfer,
  transfer.abw,
  latest_stocking.batch_id,
  transfer.transfer_type,
  nullif(transfer.notes, ''),
  transfer.external_target_name,
  transfer.local_id
from tmp_import_fish_transfer transfer
join tmp_import_context ctx on true
join public.system origin_ref
  on origin_ref.farm_id = ctx.farm_id
 and lower(origin_ref.name) = lower(transfer.origin_system_name)
left join public.system target_ref
  on target_ref.farm_id = ctx.farm_id
 and lower(target_ref.name) = lower(transfer.target_system_name)
left join lateral (
  select existing.batch_id
  from public.fish_stocking existing
  where existing.system_id = origin_ref.id
    and existing.date <= transfer.date
  order by existing.date desc, existing.id desc
  limit 1
) latest_stocking on true
where not exists (
  select 1
  from public.fish_transfer existing
  where existing.local_id = transfer.local_id
);

insert into public.water_quality_measurement (
  date,
  time,
  parameter_name,
  water_depth,
  parameter_value,
  system_id,
  measured_at,
  location_reference,
  local_id
)
select
  wq.date,
  wq.time,
  wq.parameter_name,
  wq.water_depth,
  wq.parameter_value,
  system_ref.id,
  wq.measured_at,
  nullif(wq.location_reference, ''),
  wq.local_id
from tmp_import_water_quality wq
join tmp_import_context ctx on true
join public.system system_ref
  on system_ref.farm_id = ctx.farm_id
 and lower(system_ref.name) = lower(wq.system_name)
where not exists (
  select 1
  from public.water_quality_measurement existing
  where existing.local_id = wq.local_id
);

commit;
